{
    "telegram": {
        "enabled": false,
        "bot_token": "YOUR_TELEGRAM_BOT_TOKEN",
        "chat_id": "YOUR_TELEGRAM_CHAT_ID"
    },

    "discord": {
        "attack": {
            "enabled": false,
            "webhook": ""
        },
        "blacklist": {
            "enabled": false,
            "webhook": ""
        },
        "login": {
            "enabled": false,
            "webhook": ""
        },
        "admin": {
            "enabled": false,
            "webhook": ""
        },
        "user": {
            "enabled": false,
            "webhook": ""
        },
        "commands": {
            "enabled": false,
            "webhook": ""
        }
    },

    "admin_actions": {
        "enabled": true
    },
    "user_actions": {
        "enabled": true
    },
    "commands": {
        "enabled": true
    },
    "attacks": {
        "enabled": true
    },
    "logins": {
        "enabled": true
    },
    "blacklist": {
        "enabled": true
    }
}